id,name,rarity,work,before_W,before_H,before_D,after_W,after_H,after_D,beforeMeshId,currentMeshId,blend,FBX,FBX_SHA256,triangles,before_capture,after_capture
cursed_doll,Cursed Doll,COMMON,Rediseño completo,2.46461820602417,3.2434380054473877,1.0471642017364502,2.965750217437744,4.799999713897705,2.0622432231903076,rbxassetid://105604620104717,rbxassetid://105651608343321,assets/source/blender/curses_visual_pass2/cursed_doll.blend,assets/export/meshes/curses/visual-pass2/cursed_doll.fbx,2f132f61404576ceb038f02b326e70e6172fbe6d93c311f65e06992121dbe048,2646,before-compare/cursed_doll-play-avatar.jpg,review02/cursed_doll-play-avatar.jpg
haunted_mirror,Haunted Mirror,RARE,Rediseño completo,2.6581873893737793,4.039997100830078,0.5949995517730713,3.56011962890625,7,0.7096978425979614,rbxassetid://117384769473837,rbxassetid://93035871766571,assets/source/blender/curses_visual_pass2/haunted_mirror.blend,assets/export/meshes/curses/visual-pass2/haunted_mirror.fbx,5cc3f79625431692fad248cd36fd0417dafd13e05822024bf949af442d24d268,1164,before-compare/haunted_mirror-play-avatar.jpg,review02/haunted_mirror-play-avatar.jpg
crying_mask,Crying Mask,RARE,Rediseño completo,2.109999895095825,3.0500001907348633,0.8650002479553223,5.529237270355225,5.799999713897705,1.6159995794296265,rbxassetid://88322086415087,rbxassetid://139868374607408,assets/source/blender/curses_visual_pass2/crying_mask.blend,assets/export/meshes/curses/visual-pass2/crying_mask.fbx,4d8edb422200c19932a327548e58e270c24b2a9a3dc628024af3815678356233,1436,before-compare/crying_mask-play-avatar.jpg,review02/crying_mask-play-avatar.jpg
watching_eye,Watching Eye,LEGENDARY,Rediseño completo,3.815904140472412,2.6813852787017822,1.1515071392059326,9.597518920898438,6.5,2.1835741996765137,rbxassetid://96354826665507,rbxassetid://86953467231643,assets/source/blender/curses_visual_pass2/watching_eye.blend,assets/export/meshes/curses/visual-pass2/watching_eye.fbx,01af3b718119a116628ade1ac666039352ff8359e6fbcaf364bff3fa0a75d0c3,3020,before-compare/watching_eye-play-avatar.jpg,review02/watching_eye-play-avatar.jpg
soul_chains,Soul Chains,MYTHIC,Rediseño completo,4.019999980926514,2.5999999046325684,0.9185643196105957,6.6117777824401855,9.5,2.395030975341797,rbxassetid://99888861877300,rbxassetid://135030143756939,assets/source/blender/curses_visual_pass2/soul_chains.blend,assets/export/meshes/curses/visual-pass2/soul_chains.fbx,dff48192f693d8e697c2447d72bda39fe6e5c88abdac32fc97e4232d9af0349a,6092,before-compare/soul_chains-play-avatar.jpg,review02/soul_chains-play-avatar.jpg
the_void,The Void,SECRET,Rediseño completo,4.170000076293945,4.449999809265137,1.6669225692749023,10.264501571655273,12.59999942779541,1.9604090452194214,rbxassetid://140422771537428,rbxassetid://112600261118925,assets/source/blender/curses_visual_pass2/the_void.blend,assets/export/meshes/curses/visual-pass2/the_void.fbx,f803881f0eead2a325c1d4407b46acba34f9a6d24c6756082574bcc596220bfc,1018,before-compare/the_void-play-avatar.jpg,review03/the_void-play-avatar.jpg
candle_wisp,Candle Wisp,COMMON,Escala y presentación; geometría conservada,2.5199999809265137,3.9259285926818848,1.6049911975860596,3.0168657302856445,4.699999809265137,1.921445608139038,rbxassetid://120691798070914,rbxassetid://120691798070914,assets/export/meshes/curses/rework/candle_wisp.fbx,assets/export/meshes/curses/rework/candle_wisp.fbx,6987d574a753627ddb5bbe18b36dbb5da7065325bd28f3dd2ce88b7d19ca3c0a,,baseline/group02-geometry-avatar.jpg,review02/candle_wisp-play-avatar.jpg
grave_hopper,Grave Hopper,COMMON,Escala y presentación; geometría conservada,2.93017315864563,3.021085739135742,1.9563539028167725,4.073610782623291,4.199999809265137,2.7197792530059814,rbxassetid://71461503692914,rbxassetid://71461503692914,assets/export/meshes/curses/rework/grave_hopper.fbx,assets/export/meshes/curses/rework/grave_hopper.fbx,fe0120d4854c65e7fe3f59ac914d56f3b260076ca277824d5d06bc4a96017c99,,baseline/group02-geometry-avatar.jpg,review02/grave_hopper-play-avatar.jpg
grave_key,Grave Key,COMMON,Geometría/materiales y escala,2.9194774627685547,3.4665002822875977,0.7180373668670654,3.8741073608398438,4.599999904632568,0.9528258442878723,rbxassetid://81555225772390,rbxassetid://90489798871777,assets/source/blender/curses_visual_pass2/batch02/grave_key.blend,assets/export/meshes/curses/visual-pass2/batch02/grave_key.fbx,576f3691cd91e8e8ba24acece868d92733aec991df7b83ced287e5b7ec6bada7,1526,before-compare/grave_key-play-avatar.jpg,review03/grave_key-play-avatar.jpg
mourning_ribbon,Mourning Ribbon,COMMON,Geometría/materiales y escala,3.799999952316284,3.0199999809265137,0.7315346598625183,6.400001049041748,4.799999713897705,1.1627038717269897,rbxassetid://86964137364657,rbxassetid://130926750484059,assets/source/blender/curses_visual_pass2/batch02/mourning_ribbon.blend,assets/export/meshes/curses/visual-pass2/batch02/mourning_ribbon.fbx,0411b1e728df88b9578edd717fa7b1392d72b73878e6c8ff349d1cbe7daed803,1728,before-compare/mourning_ribbon-play-avatar.jpg,review03/mourning_ribbon-play-avatar.jpg
wilted_sprout,Wilted Sprout,COMMON,Geometría/materiales y escala,2.669999837875366,3.403151035308838,1.391714096069336,3.7659223079681396,4.799999713897705,1.9629534482955933,rbxassetid://73497154913372,rbxassetid://106401964036063,assets/source/blender/curses_visual_pass2/batch02/wilted_sprout.blend,assets/export/meshes/curses/visual-pass2/batch02/wilted_sprout.fbx,048acf69c08403971dd1dba103734a96d938f38d2a169e43f5cd8d7e72161e7e,2220,before-compare/wilted_sprout-play-avatar.jpg,review03/wilted_sprout-play-avatar.jpg
ink_imp,Ink Imp,COMMON,Escala y presentación; geometría conservada,2.740211248397827,2.994659900665283,0.9678600430488586,3.660130262374878,4,1.2927813529968262,rbxassetid://138171047418372,rbxassetid://138171047418372,assets/export/meshes/curses/rework/ink_imp.fbx,assets/export/meshes/curses/rework/ink_imp.fbx,5ce8405229cce3d2714d6a1a3296c478c76df4940dc2cf4aa637f7c314340662,,baseline/group03-geometry-avatar.jpg,review02/ink_imp-play-avatar.jpg
lost_locket,Lost Locket,COMMON,Escala y presentación; geometría conservada,2.690000057220459,2.765000104904175,0.5018151998519897,4.377938270568848,4.5,0.816697359085083,rbxassetid://91422731371880,rbxassetid://91422731371880,assets/export/meshes/curses/rework/lost_locket.fbx,assets/export/meshes/curses/rework/lost_locket.fbx,2af4df942631d28885e65952b6406795f842376b28efaaef6280aabe65952d2f,,baseline/group04-geometry-avatar.jpg,review02/lost_locket-play-avatar.jpg
ashen_book,Ashen Book,COMMON,Escala y presentación; geometría conservada,3.3299996852874756,2.6475000381469727,1.7377972602844238,5.15693998336792,4.099999904632568,2.691206216812134,rbxassetid://101139508733050,rbxassetid://101139508733050,assets/export/meshes/curses/rework/ashen_book.fbx,assets/export/meshes/curses/rework/ashen_book.fbx,f72d0e8c98dba038e467fd9da3881e6929e107535b42405b43766a6bb3ebb6f8,,baseline/group04-geometry-avatar.jpg,review02/ashen_book-play-avatar.jpg
lantern_lurker,Lantern Lurker,COMMON,Escala y presentación; geometría conservada,2.6640000343322754,3.0691258907318115,2.01052188873291,3.9059982299804688,4.5,2.9478583335876465,rbxassetid://124690349043025,rbxassetid://124690349043025,assets/export/meshes/curses/rework/lantern_lurker.fbx,assets/export/meshes/curses/rework/lantern_lurker.fbx,2ee17d5b1a9b51f85bb3c53a69cff220de998c101d5b9706c1d2593c5f8484e9,,baseline/group04-geometry-avatar.jpg,review02/lantern_lurker-play-avatar.jpg
hourglass_hound,Hourglass Hound,COMMON,Geometría/materiales y escala,3.1549651622772217,2.1600005626678467,1.2913804054260254,5.800002574920654,3.799999952316284,2.2718725204467773,rbxassetid://122359731833236,rbxassetid://139273616657290,assets/source/blender/curses_visual_pass2/batch02/hourglass_hound.blend,assets/export/meshes/curses/visual-pass2/batch02/hourglass_hound.fbx,9981a3876d15571080bd26d8281705695dd6a9b190ee112a6894c6d7fbfe946f,2546,before-compare/hourglass_hound-play-avatar.jpg,review03/hourglass_hound-play-avatar.jpg
nail_beetle,Nail Beetle,COMMON,Geometría/materiales y escala,2.208719491958618,1.6229331493377686,2.3138370513916016,5.600000381469727,3.200000286102295,5.400001049041748,rbxassetid://134811561032307,rbxassetid://101680185970237,assets/source/blender/curses_visual_pass2/batch02/nail_beetle.blend,assets/export/meshes/curses/visual-pass2/batch02/nail_beetle.fbx,5a2044284e918b967145eae09b076252f3075b9b4a37fc8d74a80e0c601b4396,1594,before-compare/nail_beetle-play-avatar.jpg,review03/nail_beetle-play-avatar.jpg
pale_guest,Pale Guest,COMMON,Geometría/materiales y escala,2.5144095420837402,2.940000057220459,0.8689985871315002,3.800001621246338,4.800000190734863,1.6799976825714111,rbxassetid://95457500330255,rbxassetid://124305513972828,assets/source/blender/curses_visual_pass2/pale_guest.blend,assets/export/meshes/curses/visual-pass2/pale_guest.fbx,a0952daf36ca5066499324a2484056e8807876f910233155ca7ce3e6c9ca9f45,1716,before-compare/pale_guest-play-avatar.jpg,review02/pale_guest-play-avatar.jpg
cold_teacup,Cold Teacup,COMMON,Geometría/materiales y escala,2.7058072090148926,2.4837679862976074,2.471573829650879,4.999999523162842,4.900000095367432,4.875943660736084,rbxassetid://109492897154947,rbxassetid://106171771978270,assets/source/blender/curses_visual_pass2/batch02/cold_teacup.blend,assets/export/meshes/curses/visual-pass2/batch02/cold_teacup.fbx,2d36cf3c8f9fef8d472ebb94d27a8beb2cdb1f7391d23b4ba9e91d0c271dc425,2456,before-compare/cold_teacup-play-avatar.jpg,review03/cold_teacup-play-avatar.jpg
coin_crawler,Coin Crawler,COMMON,Geometría/materiales y escala,2.7699999809265137,1.1513850688934326,2.541633129119873,5.799998760223389,3.200000047683716,4.099999904632568,rbxassetid://101300591039625,rbxassetid://121209998415870,assets/source/blender/curses_visual_pass2/revision02/coin_crawler.blend,assets/export/meshes/curses/visual-pass2/revision02/coin_crawler.fbx,53749971c797b9f085873859565f807840f7479312459466cfa79c2cf28c7539,2172,before-compare/coin_crawler-play-avatar.jpg,review02/coin_crawler-play-avatar.jpg
umbrella_wraith,Umbrella Wraith,COMMON,Geometría/materiales y escala,3.6449999809265137,3.389763355255127,0.6982876062393188,5.591541290283203,5.199999809265137,2.8000001907348633,rbxassetid://74392665115825,rbxassetid://78449252506968,assets/source/blender/curses_visual_pass2/batch02/umbrella_wraith.blend,assets/export/meshes/curses/visual-pass2/batch02/umbrella_wraith.fbx,5a525705186b04fe22f3f6950ea44e2db4f24fa1da80fc3814efd517d19eae6c,1566,before-compare/umbrella_wraith-play-avatar.jpg,review03/umbrella_wraith-play-avatar.jpg
marrow_dice,Marrow Dice,RARE,Escala y presentación; geometría conservada,3.312481641769409,2.809999942779541,1.9026007652282715,4.951040267944336,4.199999809265137,2.843744993209839,rbxassetid://98208990983506,rbxassetid://98208990983506,assets/export/meshes/curses/rework/marrow_dice.fbx,assets/export/meshes/curses/rework/marrow_dice.fbx,9bd1fe03e8487c12446c5e41446d1c7142fea8e76a3a14f4c4be577837aca8b9,,baseline/group06-geometry-avatar.jpg,review02/marrow_dice-play-avatar.jpg
veil_mourner,Veil Mourner,RARE,Geometría/materiales y escala,2.645899534225464,3.528148651123047,1.6559808254241943,4.574632167816162,6.099999904632568,2.8631131649017334,rbxassetid://138895825932890,rbxassetid://94639671761359,assets/source/blender/curses_visual_pass2/batch02/veil_mourner.blend,assets/export/meshes/curses/visual-pass2/batch02/veil_mourner.fbx,d375a8fafce80182545cf104d92a15bbe4c850436b89708e74030854f08056ce,3280,before-compare/veil_mourner-play-avatar.jpg,review03/veil_mourner-play-avatar.jpg
grave_compass,Grave Compass,RARE,Escala y presentación; geometría conservada,3.7378311157226562,2.8460559844970703,0.8600339889526367,7.0920209884643555,5.400000095367432,1.6317963600158691,rbxassetid://92042737751538,rbxassetid://92042737751538,assets/export/meshes/curses/rework/grave_compass.fbx,assets/export/meshes/curses/rework/grave_compass.fbx,dc609fe5932efdcbeba5ce32a67565aec910bacb799102dbe9bc8759e7285d31,,baseline/group06-geometry-avatar.jpg,review02/grave_compass-play-avatar.jpg
hollow_violin,Hollow Violin,RARE,Escala y presentación; geometría conservada,1.6355282068252563,3.8532867431640625,0.8499729633331299,2.7164812088012695,6.400000095367432,1.4117369651794434,rbxassetid://91498125175625,rbxassetid://91498125175625,assets/export/meshes/curses/rework/hollow_violin.fbx,assets/export/meshes/curses/rework/hollow_violin.fbx,5f4723d48a34879adc1970caf087e2cfebb08857903d92611ae205095d61f427,,baseline/group07-geometry-avatar.jpg,review02/hollow_violin-play-avatar.jpg
chime_triplets,Chime Triplets,RARE,Escala y presentación; geometría conservada,3.9294962882995605,2.9680001735687256,1.2350000143051147,7.281747817993164,5.5,2.2885780334472656,rbxassetid://114343537583157,rbxassetid://114343537583157,assets/export/meshes/curses/rework/chime_triplets.fbx,assets/export/meshes/curses/rework/chime_triplets.fbx,0408b3051bc960371e33936e9b165d2fa081cf58a246ebda5a29deb041d7bcf6,,baseline/group07-geometry-avatar.jpg,review02/chime_triplets-play-avatar.jpg
thimble_spider,Thimble Spider,RARE,Escala y presentación; geometría conservada,3.3798885345458984,2.0764691829681396,1.8815412521362305,5.8597540855407715,3.5999999046325684,3.2620511054992676,rbxassetid://99634226365979,rbxassetid://99634226365979,assets/export/meshes/curses/rework/thimble_spider.fbx,assets/export/meshes/curses/rework/thimble_spider.fbx,366e597188098d8d3821fdc8f3e0d32bc7a35be3c06a94345c7ddfc2d40f9cbc,,baseline/group07-geometry-avatar.jpg,review02/thimble_spider-play-avatar.jpg
music_box_dancer,Music Box Dancer,RARE,Escala y presentación; geometría conservada,2.7649190425872803,3.3450002670288086,1.8526499271392822,4.628862380981445,5.599999904632568,3.101595878601074,rbxassetid://103021046464363,rbxassetid://103021046464363,assets/export/meshes/curses/rework/music_box_dancer.fbx,assets/export/meshes/curses/rework/music_box_dancer.fbx,7fd043d7674a0bbae9799904a293fba4650ffbf453cb4fdfc3cd089646a819ff,,baseline/group07-geometry-avatar.jpg,review02/music_box_dancer-play-avatar.jpg
raven_quill,Raven Quill,RARE,Geometría/materiales y escala,2.4739999771118164,3.5245018005371094,0.8183358907699585,5.199997425079346,6.40000057220459,2.400000810623169,rbxassetid://71223428160554,rbxassetid://115188887219139,assets/source/blender/curses_visual_pass2/batch02/raven_quill.blend,assets/export/meshes/curses/visual-pass2/batch02/raven_quill.fbx,e29d5c50b6c88ca98ac11d21f7884f335a8b2ff6e1635bc108e88b355217b75c,1394,before-compare/raven_quill-play-avatar.jpg,review03/raven_quill-play-avatar.jpg
sorrow_chalice,Sorrow Chalice,RARE,Escala y presentación; geometría conservada,1.9149999618530273,2.841651439666748,1.7319999933242798,3.7738616466522217,5.599999904632568,3.413226366043091,rbxassetid://124640513274761,rbxassetid://124640513274761,assets/export/meshes/curses/rework/sorrow_chalice.fbx,assets/export/meshes/curses/rework/sorrow_chalice.fbx,0480883eeef8d5c69fd1f1d839797e7833712d25709acdfe9b6abb21d0875c11,,baseline/group08-geometry-avatar.jpg,review02/sorrow_chalice-play-avatar.jpg
pale_gramophone,Pale Gramophone,RARE,Geometría/materiales y escala,3.3486762046813965,4.104394912719727,2.7653918266296387,5.534446716308594,6.199999809265137,4.386199951171875,rbxassetid://94119998367472,rbxassetid://119236786916302,assets/source/blender/curses_visual_pass2/pale_gramophone.blend,assets/export/meshes/curses/visual-pass2/pale_gramophone.fbx,b2c68e0b9de4f59b4e5cb2c44eadf43b04ed60c6ca99fdf2006b56b3425f432a,6316,before-compare/pale_gramophone-play-avatar.jpg,review02/pale_gramophone-play-avatar.jpg
thorn_reliquary,Thorn Reliquary,RARE,Geometría/materiales y escala,1.7483792304992676,3.612090587615967,1.749131679534912,3.146228790283203,6.5,3.1475839614868164,rbxassetid://136595375769922,rbxassetid://96608357528261,assets/source/blender/curses_visual_pass2/batch02/thorn_reliquary.blend,assets/export/meshes/curses/visual-pass2/batch02/thorn_reliquary.fbx,7e49372109843e820041d62e31a0d059c62c314cd3e92c69ee78e763adad7b61,2060,before-compare/thorn_reliquary-play-avatar.jpg,review03/thorn_reliquary-play-avatar.jpg
anchor_crab,Anchor Crab,RARE,Escala y presentación; geometría conservada,4.531620025634766,2.9201908111572266,1.3299423456192017,7.448751926422119,4.800000190734863,2.186063766479492,rbxassetid://138935951310223,rbxassetid://138935951310223,assets/export/meshes/curses/rework/anchor_crab.fbx,assets/export/meshes/curses/rework/anchor_crab.fbx,0728c2d3e3629c06e863f23618a257e73f098ad1322586c8f1b496094e0a1803,,baseline/group09-geometry-avatar.jpg,review02/anchor_crab-play-avatar.jpg
sundial_sentinel,Sundial Sentinel,RARE,Escala y presentación; geometría conservada,2.2615041732788086,3.0419445037841797,0.830551028251648,4.23760986328125,5.700000286102295,1.5562877655029297,rbxassetid://107305209907882,rbxassetid://107305209907882,assets/export/meshes/curses/rework/sundial_sentinel.fbx,assets/export/meshes/curses/rework/sundial_sentinel.fbx,ee523ba2c3197303a9d8cb5007f6cced48fd4f951727662a6755631dfc3aa583,,baseline/group09-geometry-avatar.jpg,review02/sundial_sentinel-play-avatar.jpg
sleepwalker_shoes,Sleepwalker Shoes,RARE,Escala y presentación; geometría conservada,2.835836887359619,2.1824073791503906,2.3786511421203613,5.5874528884887695,4.300000190734863,4.686659336090088,rbxassetid://100900364423577,rbxassetid://100900364423577,assets/export/meshes/curses/rework/sleepwalker_shoes.fbx,assets/export/meshes/curses/rework/sleepwalker_shoes.fbx,41efcd937edeb43371deada52f144d1b3d789faf04e1468a1d10f5789c6b1770,,baseline/group09-geometry-avatar.jpg,review02/sleepwalker_shoes-play-avatar.jpg
night_harp,Night Harp,LEGENDARY,Geometría/materiales y escala,2.8185055255889893,3.882523536682129,1.4043785333633423,5.734978675842285,7.900000095367432,2.8575704097747803,rbxassetid://83648018962626,rbxassetid://93066675273109,assets/source/blender/curses_visual_pass2/batch02/night_harp.blend,assets/export/meshes/curses/visual-pass2/batch02/night_harp.fbx,913ff5613199797f55dbf93f3cdd846c5cc4df6ef9d404ed92f97fe8a93568c3,2492,before-compare/night_harp-play-avatar.jpg,review03/night_harp-play-avatar.jpg
thorn_cathedral,Thorn Cathedral,LEGENDARY,Geometría/materiales y escala,2.7698776721954346,4.060338973999023,1.9780354499816895,5.599998474121094,8.199999809265137,3.9947128295898438,rbxassetid://130353358132470,rbxassetid://96405703736945,assets/source/blender/curses_visual_pass2/thorn_cathedral.blend,assets/export/meshes/curses/visual-pass2/thorn_cathedral.fbx,af25cf2f2d783f43a6832f86f1c4f09946cf688f0978d187b17a6d7b874647d3,3064,before-compare/thorn_cathedral-play-avatar.jpg,review02/thorn_cathedral-play-avatar.jpg
phantom_marionette,Phantom Marionette,LEGENDARY,Escala y presentación; geometría conservada,3.011920928955078,3.8288023471832275,0.863531231880188,6.135857105255127,7.8000006675720215,1.759177803993225,rbxassetid://125181594913762,rbxassetid://125181594913762,assets/export/meshes/curses/rework/phantom_marionette.fbx,assets/export/meshes/curses/rework/phantom_marionette.fbx,bfe0d85ae933df935335cadce3d07b775c8196c324fff783d5aa3d1dd5b4911e,,baseline/group10-geometry-avatar.jpg,review02/phantom_marionette-play-avatar.jpg
blood_moon_rose,Blood Moon Rose,LEGENDARY,Geometría/materiales y escala,3.3685407638549805,3.6520426273345947,1.3943915367126465,6.825550079345703,7.399999618530273,2.8254032135009766,rbxassetid://80054563301680,rbxassetid://76528234316355,assets/source/blender/curses_visual_pass2/batch02/blood_moon_rose.blend,assets/export/meshes/curses/visual-pass2/batch02/blood_moon_rose.fbx,080eca4263120b74a03fb9f4893e1d7054f08847777c11c19f1fa4b3112a899a,5166,before-compare/blood_moon_rose-play-avatar.jpg,review03/blood_moon_rose-play-avatar.jpg
judgement_scales,Judgement Scales,LEGENDARY,Geometría/materiales y escala,3.5719997882843018,3.618154287338257,1.1111505031585693,7.404327392578125,7.5,2.303281784057617,rbxassetid://115544351986945,rbxassetid://123021846380098,assets/source/blender/curses_visual_pass2/batch02/judgement_scales.blend,assets/export/meshes/curses/visual-pass2/batch02/judgement_scales.fbx,40ba4fa6db0b1fb1b685a0accaba28517270a4dba2a38971cbef1193491a981e,2112,before-compare/judgement_scales-play-avatar.jpg,review03/judgement_scales-play-avatar.jpg
clockwork_raven,Clockwork Raven,LEGENDARY,Escala y presentación; geometría conservada,3.880000114440918,3.6070618629455566,1.5967077016830444,8.282642364501953,7.700000286102295,3.408494234085083,rbxassetid://132658656356560,rbxassetid://132658656356560,assets/export/meshes/curses/rework/clockwork_raven.fbx,assets/export/meshes/curses/rework/clockwork_raven.fbx,3521ae3ddc0c03b370efa091d9729ccf759d128a34d7eb3e3074f09a107096c1,,baseline/group11-geometry-avatar.jpg,review02/clockwork_raven-play-avatar.jpg
eclipse_stag,Eclipse Stag,LEGENDARY,Geometría/materiales y escala,3.0634021759033203,4.050032138824463,1.1875004768371582,6.504951000213623,8.59999942779541,2.52158522605896,rbxassetid://84237463643087,rbxassetid://114349185197281,assets/source/blender/curses_visual_pass2/batch02/eclipse_stag.blend,assets/export/meshes/curses/visual-pass2/batch02/eclipse_stag.fbx,6c384773c035c836def712bbd9bd53f034209a130f37b3e3c133d1482404dccb,1882,before-compare/eclipse_stag-play-avatar.jpg,review03/eclipse_stag-play-avatar.jpg
endless_library,Endless Library,LEGENDARY,Escala y presentación; geometría conservada,2.7799999713897705,3.017867088317871,1.1092703342437744,6.724617004394531,7.300000190734863,2.683243989944458,rbxassetid://119647220783912,rbxassetid://119647220783912,assets/export/meshes/curses/rework/endless_library.fbx,assets/export/meshes/curses/rework/endless_library.fbx,806d71599dba9c1edf389a5a68c43c4bbfc0e18ba6b3bb3fa5ca2619c86af514,,baseline/group11-geometry-avatar.jpg,review02/endless_library-play-avatar.jpg
sunken_crown,Sunken Crown,LEGENDARY,Escala y presentación; geometría conservada,2.4799997806549072,3.0794734954833984,2.2599997520446777,5.798393249511719,7.200000286102295,5.284019470214844,rbxassetid://117032966363977,rbxassetid://117032966363977,assets/export/meshes/curses/rework/sunken_crown.fbx,assets/export/meshes/curses/rework/sunken_crown.fbx,278877b57116e80ab241fdac43e1af27d97f38faebfe01483f2d040c16ade995,,baseline/group11-geometry-avatar.jpg,review02/sunken_crown-play-avatar.jpg
silent_choir,Silent Choir,LEGENDARY,Escala y presentación; geometría conservada,3.1093266010284424,3.3661372661590576,0.9257192611694336,7.389660358428955,7.999999523162842,2.2000749111175537,rbxassetid://87533045551868,rbxassetid://87533045551868,assets/export/meshes/curses/rework/silent_choir.fbx,assets/export/meshes/curses/rework/silent_choir.fbx,1c1b54ca74e9fa3a3af4940c3482f9404be12b9b536a3378b03565c30475038c,,baseline/group12-geometry-avatar.jpg,review02/silent_choir-play-avatar.jpg
cathedral_heart,Cathedral Heart,MYTHIC,Geometría/materiales y escala,2.9446873664855957,4.480339050292969,1.6740179061889648,6.59999942779541,9.600000381469727,3.5869088172912598,rbxassetid://109562151283310,rbxassetid://99293575687788,assets/source/blender/curses_visual_pass2/cathedral_heart.blend,assets/export/meshes/curses/visual-pass2/cathedral_heart.fbx,af9cc66930524fc21ebbb5cdb971f1fcf7281c1e60b9a9774eaf831bf2c836a2,3618,before-compare/cathedral_heart-play-avatar.jpg,review02/cathedral_heart-play-avatar.jpg
plague_monarch,Plague Monarch,MYTHIC,Escala y presentación; geometría conservada,2.5277419090270996,3.895419120788574,1.5501878261566162,6.034780979156494,9.300000190734863,3.70094895362854,rbxassetid://84591406393703,rbxassetid://84591406393703,assets/export/meshes/curses/rework/plague_monarch.fbx,assets/export/meshes/curses/rework/plague_monarch.fbx,bf3c51ea1d27f04282d58e5739ce55e0f353e4d9f71caecf4f15434a9620c8a1,,baseline/group12-geometry-avatar.jpg,review02/plague_monarch-play-avatar.jpg
hollow_throne,Hollow Throne,MYTHIC,Geometría/materiales y escala,2.6719791889190674,4.381717681884766,1.876359462738037,6.098018646240234,10,4.282243728637695,rbxassetid://137649959781597,rbxassetid://128151003356093,assets/source/blender/curses_visual_pass2/batch02/hollow_throne.blend,assets/export/meshes/curses/visual-pass2/batch02/hollow_throne.fbx,518d9422da7b3711c4dd43b097a34e8003c250cb98a328d048b0e5f7f14d9232,2416,before-compare/hollow_throne-play-avatar.jpg,review03/hollow_throne-play-avatar.jpg
worldroot,Worldroot,MYTHIC,Geometría/materiales y escala,3.2417218685150146,4.186335563659668,1.5582488775253296,7.89845085144043,10.199999809265137,3.7966690063476562,rbxassetid://78477623099004,rbxassetid://89095525081556,assets/source/blender/curses_visual_pass2/batch02/worldroot.blend,assets/export/meshes/curses/visual-pass2/batch02/worldroot.fbx,07e7d08a2c99f3a996b49d0895893f2c1f4fbc4748f7088cb1b50eafb571b3e0,3456,before-compare/worldroot-play-avatar.jpg,review03/worldroot-play-avatar.jpg
the_undertow,The Undertow,MYTHIC,Escala y presentación; geometría conservada,3.587083578109741,3.175576686859131,1.5776622295379639,10.844015121459961,9.600000381469727,4.769388198852539,rbxassetid://105483544111432,rbxassetid://105483544111432,assets/export/meshes/curses/rework/the_undertow.fbx,assets/export/meshes/curses/rework/the_undertow.fbx,8c20636ffc364f7cc22f99bcc5522628157b43b94d30cbdec4dedb4186ddf4f7,,baseline/group13-geometry-avatar.jpg,review02/the_undertow-play-avatar.jpg
the_last_funeral,The Last Funeral,MYTHIC,Geometría/materiales y escala,3.680000066757202,3.13149356842041,1.9983208179473877,10.59999942779541,8.899999618530273,5.679412841796875,rbxassetid://138087526906503,rbxassetid://75524190405385,assets/source/blender/curses_visual_pass2/batch02/the_last_funeral.blend,assets/export/meshes/curses/visual-pass2/batch02/the_last_funeral.fbx,9f5998dcaf354f42a03dac802352361feff28569e0b19f9d5e1bc17b25a580eb,3030,before-compare/the_last_funeral-play-avatar.jpg,review03/the_last_funeral-play-avatar-recheck.jpg
nameless_door,Nameless Door,SECRET,Escala y presentación; geometría conservada,3.257023811340332,3.7596497535705566,2.2569029331207275,8.658831596374512,9.995068550109863,6,rbxassetid://136046415979732,rbxassetid://136046415979732,assets/export/meshes/curses/rework/nameless_door.fbx,assets/export/meshes/curses/rework/nameless_door.fbx,b68a904eac029939788614406e810a6ffca3ff0c6eafc03d966a2f45cacc15bb,,baseline/group13-geometry-avatar.jpg,review02/nameless_door-play-avatar.jpg
crown_of_silence,Crown Of Silence,SECRET,Escala y presentación; geometría conservada,3.1409904956817627,4.1766886711120605,1.5431336164474487,8.798737525939941,11.699999809265137,4.3227219581604,rbxassetid://87201548999780,rbxassetid://87201548999780,assets/export/meshes/curses/rework/crown_of_silence.fbx,assets/export/meshes/curses/rework/crown_of_silence.fbx,4c419c204f3ed4c0c7842df2c82e47fcd8eba07a09bf98d8753fe1968bf0541c,,baseline/group14-geometry-avatar.jpg,review02/crown_of_silence-play-avatar.jpg
the_first_grave,The First Grave,SECRET,Escala y presentación; geometría conservada,3.058901071548462,3.68656849861145,0.9342305064201355,8.961214065551758,10.799999237060547,2.7368781566619873,rbxassetid://104080758542748,rbxassetid://104080758542748,assets/export/meshes/curses/rework/the_first_grave.fbx,assets/export/meshes/curses/rework/the_first_grave.fbx,ef11c3982200f0fb308a206de8a8e4e6a437e5de2c2f04b10b2d1e5ccbc2e7e7,,baseline/group14-geometry-avatar.jpg,review02/the_first_grave-play-avatar.jpg
the_unwritten,The Unwritten,SECRET,Geometría/materiales y escala,3.3359720706939697,4.075650691986084,1.4252877235412598,9.57659912109375,11.699999809265137,4.091583251953125,rbxassetid://132077689568800,rbxassetid://125834394266770,assets/source/blender/curses_visual_pass2/batch02/the_unwritten.blend,assets/export/meshes/curses/visual-pass2/batch02/the_unwritten.fbx,08fe246fc45a6838e34c0682adb7196e4cc62211235cb4ad0b3e7c5adcebc520,8122,before-compare/the_unwritten-play-avatar.jpg,review03/the_unwritten-play-avatar.jpg
the_last_star,The Last Star,SECRET,Geometría/materiales y escala,3.880000114440918,4.618844032287598,2.094557762145996,8.499999046325684,11.399999618530273,4.799998760223389,rbxassetid://103602552479756,rbxassetid://139013796148408,assets/source/blender/curses_visual_pass2/the_last_star.blend,assets/export/meshes/curses/visual-pass2/the_last_star.fbx,c07d42e338c7621c1b27a81afe6e7733793d69485f0b7be9a7412e4e4003d917,4792,before-compare/the_last_star-play-avatar.jpg,review02/the_last_star-play-avatar.jpg
